,from,to
259,n22,n129
260,n22,n147
261,n22,n55
264,n22,n98
265,n22,n150
269,n22,n154
270,n22,n155
272,n22,n157
273,n22,n158
274,n22,n159
275,n22,n72
277,n22,n161
278,n22,n162
279,n22,n163
280,n22,n97
281,n22,n57
422,n104,n52
428,n90,n52
429,n178,n52
430,n206,n52
434,n52,n90
435,n52,n210
436,n52,n129
437,n52,n135
438,n52,n211
439,n52,n157
440,n52,n212
441,n52,n213
442,n52,n214
443,n52,n215
444,n52,n216
445,n52,n86
446,n52,n217
448,n52,n219
450,n52,n221
452,n52,n223
473,n229,n55
474,n230,n55
475,n63,n55
478,n225,n55
480,n64,n55
483,n55,n232
484,n55,n75
485,n55,n233
486,n55,n147
487,n55,n234
488,n55,n73
489,n55,n235
491,n55,n236
492,n55,n150
494,n55,n237
497,n55,n238
498,n55,n155
501,n55,n72
503,n55,n163
504,n55,n97
540,n63,n57
541,n55,n57
543,n154,n57
544,n57,n251
585,n87,n63
589,n84,n63
591,n63,n263
596,n63,n268
597,n63,n269
598,n63,n270
600,n63,n272
602,n63,n147
603,n63,n175
608,n63,n278
609,n63,n279
610,n63,n225
613,n63,n237
614,n63,n67
615,n63,n282
616,n63,n64
617,n63,n283
619,n63,n72
620,n63,n285
621,n63,n242
622,n63,n97
624,n63,n287
634,n290,n64
635,n291,n64
637,n83,n64
638,n64,n263
639,n64,n196
640,n64,n292
641,n64,n293
642,n64,n76
643,n64,n147
644,n64,n73
646,n64,n279
647,n64,n295
648,n64,n158
649,n64,n72
651,n64,n176
653,n64,n97
654,n64,n91
679,n175,n67
684,n242,n67
689,n67,n68
690,n90,n68
691,n55,n68
692,n214,n68
693,n64,n68
696,n68,n309
697,n68,n116
738,n225,n72
739,n269,n72
740,n122,n72
742,n320,n72
743,n67,n72
745,n150,n72
746,n321,n72
748,n72,n322
749,n72,n269
753,n72,n76
755,n72,n324
756,n72,n116
758,n72,n326
759,n72,n270
761,n320,n73
762,n309,n73
763,n327,n73
764,n233,n73
765,n328,n73
766,n63,n73
767,n278,n73
769,n67,n73
772,n76,n73
773,n73,n232
774,n73,n223
776,n73,n76
777,n73,n270
778,n73,n234
779,n73,n324
780,n73,n329
782,n52,n74
783,n90,n74
792,n225,n74
797,n67,n75
799,n334,n75
802,n75,n232
803,n75,n324
804,n75,n336
806,n122,n76
807,n328,n76
808,n278,n76
812,n67,n76
815,n337,n76
816,n338,n76
817,n178,n76
818,n76,n232
819,n76,n116
820,n76,n339
821,n76,n329
822,n76,n340
823,n76,n95
825,n76,n163
868,n83,n291
869,n83,n122
870,n83,n293
871,n83,n350
872,n83,n351
873,n83,n290
875,n83,n159
877,n83,n213
879,n83,n176
882,n83,n90
883,n83,n356
889,n87,n84
891,n84,n272
892,n84,n76
893,n84,n198
895,n84,n235
896,n84,n358
897,n84,n131
898,n84,n55
899,n84,n225
902,n84,n359
907,n84,n350
909,n84,n287
913,n211,n86
914,n90,n86
915,n104,n86
917,n364,n86
918,n365,n86
920,n86,n282
921,n86,n268
922,n86,n366
929,n87,n368
931,n87,n370
946,n104,n90
947,n225,n90
948,n206,n90
949,n216,n90
953,n90,n374
954,n90,n206
955,n90,n216
956,n90,n129
958,n90,n376
959,n90,n377
960,n90,n221
961,n90,n159
962,n90,n212
963,n90,n378
964,n90,n379
965,n90,n217
970,n225,n91
972,n91,n154
990,n67,n93
991,n382,n93
992,n278,n93
993,n63,n93
995,n75,n93
996,n73,n93
997,n147,n93
998,n93,n324
999,n93,n287
1003,n67,n95
1005,n73,n95
1006,n329,n95
1008,n383,n95
1009,n321,n95
1011,n344,n95
1012,n63,n95
1013,n346,n95
1033,n197,n97
1039,n346,n97
1042,n176,n97
1043,n196,n97
1044,n387,n97
1045,n97,n322
1046,n97,n334
1047,n97,n317
1048,n97,n198
1049,n97,n235
1051,n97,n236
1052,n97,n388
1055,n97,n336
1057,n97,n390
1058,n97,n283
1060,n97,n346
1061,n97,n387
1064,n97,n392
1065,n97,n287
1067,n63,n98
1068,n67,n98
1069,n175,n98
1092,n104,n129
1093,n104,n366
1094,n104,n22
1095,n104,n387
1096,n104,n135
1099,n398,n105
1100,n178,n105
1102,n105,n399
1103,n105,n400
1195,n115,n158
1198,n115,n416
1199,n67,n116
1202,n63,n116
1203,n278,n116
1204,n328,n116
1205,n116,n287
1206,n116,n417
1207,n116,n339
1208,n116,n418
1216,n118,n217
1248,n359,n122
1253,n122,n426
1255,n122,n427
1257,n122,n150
1261,n122,n430
1262,n122,n178
1297,n129,n211
1298,n129,n210
1299,n129,n135
1300,n129,n398
1301,n129,n435
1302,n129,n217
1303,n129,n436
1304,n129,n86
1305,n129,n366
1306,n129,n437
1307,n129,n364
1308,n129,n438
1309,n129,n161
1310,n129,n439
1313,n67,n131
1314,n229,n131
1315,n63,n131
1316,n225,n131
1318,n55,n131
1319,n351,n131
1320,n263,n131
1321,n237,n131
1322,n90,n131
1324,n214,n131
1326,n319,n131
1327,n131,n443
1362,n83,n135
1364,n225,n135
1369,n22,n135
1370,n135,n436
1371,n135,n378
1372,n135,n446
1373,n135,n217
1374,n135,n447
1375,n135,n448
1435,n334,n147
1436,n150,n147
1437,n67,n147
1439,n233,n147
1440,n225,n147
1441,n147,n238
1442,n147,n457
1443,n147,n270
1444,n147,n163
1445,n147,n458
1453,n196,n150
1455,n225,n150
1458,n197,n150
1459,n338,n150
1460,n150,n232
1461,n150,n459
1462,n150,n233
1463,n150,n270
1465,n150,n157
1466,n150,n158
1522,n122,n154
1524,n229,n154
1525,n64,n154
1530,n154,n251
1531,n64,n155
1541,n211,n157
1542,n196,n157
1543,n197,n157
1545,n435,n157
1547,n364,n157
1549,n90,n157
1550,n225,n157
1551,n67,n157
1553,n212,n157
1554,n282,n157
1555,n157,n257
1556,n157,n221
1557,n157,n437
1558,n157,n212
1559,n157,n86
1560,n157,n468
1561,n157,n469
1562,n157,n390
1563,n157,n470
1564,n235,n158
1566,n63,n158
1568,n430,n158
1569,n158,n147
1570,n158,n292
1571,n158,n462
1574,n159,n214
1575,n159,n210
1576,n159,n473
1577,n159,n161
1578,n159,n221
1579,n159,n474
1581,n159,n476
1582,n159,n366
1583,n159,n477
1598,n55,n161
1599,n368,n161
1600,n161,n268
1601,n161,n282
1603,n161,n221
1604,n161,n326
1605,n161,n339
1606,n55,n162
1609,n162,n22
1610,n162,n55
1611,n162,n295
1612,n64,n163
1613,n337,n163
1614,n67,n163
1641,n242,n175
1643,n67,n175
1645,n63,n176
1646,n176,n263
1647,n176,n154
1648,n176,n490
1665,n178,n491
1667,n178,n86
1669,n178,n211
1671,n178,n494
1729,n225,n196
1733,n229,n196
1735,n196,n279
1736,n196,n197
1738,n63,n197
1739,n225,n197
1740,n84,n197
1741,n197,n196
1742,n197,n198
1743,n197,n147
1745,n63,n198
1747,n55,n198
1778,n104,n206
1780,n52,n206
1784,n206,n508
1797,n135,n210
1798,n90,n210
1801,n210,n473
1802,n210,n476
1803,n368,n211
1804,n118,n211
1805,n211,n510
1806,n211,n221
1807,n211,n437
1809,n211,n511
1810,n512,n212
1811,n104,n212
1812,n368,n212
1813,n366,n212
1814,n211,n212
1815,n212,n513
1816,n212,n438
1817,n90,n213
1819,n213,n365
1820,n213,n514
1821,n213,n439
1826,n206,n214
1827,n515,n214
1829,n214,n517
1831,n214,n270
1832,n215,n435
1835,n216,n519
1837,n424,n217
1839,n521,n217
1841,n217,n378
1842,n217,n436
1843,n217,n523
1852,n67,n219
1854,n64,n219
1855,n90,n219
1857,n219,n319
1865,n221,n525
1869,n83,n223
1870,n147,n223
1872,n263,n223
1873,n344,n223
1874,n67,n223
1875,n64,n223
1876,n72,n223
1885,n225,n263
1886,n225,n526
1887,n225,n279
1888,n225,n346
1890,n225,n338
1902,n63,n229
1906,n229,n235
1912,n63,n230
1920,n327,n232
1921,n334,n232
1923,n426,n232
1924,n147,n232
1926,n530,n232
1928,n67,n232
1929,n238,n232
1930,n64,n232
1932,n346,n232
1933,n531,n232
1934,n90,n232
1937,n64,n233
1938,n327,n233
1939,n233,n76
1940,n233,n309
1941,n233,n238
1946,n63,n235
1947,n22,n235
1950,n235,n131
1952,n235,n532
1953,n235,n282
1955,n235,n97
1956,n22,n236
1958,n236,n75
1960,n236,n459
1962,n67,n237
1963,n22,n237
1964,n64,n237
1966,n63,n238
1967,n84,n238
1968,n327,n238
1969,n64,n238
1970,n531,n238
1971,n238,n147
1972,n238,n233
1996,n87,n242
1997,n242,n291
2001,n242,n346
2053,n178,n251
2054,n55,n251
2055,n22,n251
2076,n366,n256
2077,n225,n257
2078,n549,n258
2101,n22,n263
2102,n67,n263
2106,n351,n263
2107,n334,n263
2108,n263,n237
2109,n263,n351
2111,n263,n270
2112,n263,n116
2113,n263,n287
2132,n366,n268
2133,n104,n268
2134,n90,n268
2136,n437,n268
2137,n282,n268
2138,n283,n268
2139,n122,n269
2142,n22,n269
2143,n225,n269
2144,n55,n269
2146,n67,n269
2147,n64,n269
2149,n269,n270
2150,n67,n270
2151,n463,n270
2153,n64,n270
2165,n272,n359
2189,n381,n278
2190,n67,n278
2191,n278,n147
2193,n279,n561
2227,n563,n282
2230,n104,n282
2231,n476,n282
2232,n90,n282
2233,n268,n282
2234,n283,n282
2235,n282,n564
2236,n282,n283
2237,n282,n443
2239,n237,n283
2240,n161,n283
2241,n283,n443
2260,n473,n285
2261,n509,n285
2262,n67,n285
2263,n285,n507
2285,n334,n287
2286,n175,n287
2290,n67,n287
2292,n324,n287
2293,n346,n287
2301,n290,n293
2304,n63,n291
2305,n291,n530
2307,n67,n292
2308,n320,n292
2310,n75,n292
2311,n87,n292
2312,n55,n292
2313,n22,n292
2314,n526,n292
2315,n147,n292
2316,n292,n336
2317,n292,n426
2318,n292,n383
2320,n292,n459
2322,n225,n293
2323,n55,n293
2324,n530,n293
2326,n176,n293
2329,n293,n340
2330,n293,n383
2338,n63,n295
2339,n225,n295
2340,n217,n295
2341,n436,n295
2342,n67,n295
2344,n90,n295
2425,n67,n309
2426,n64,n309
2428,n72,n309
2429,n327,n309
2430,n309,n383
2480,n63,n317
2481,n64,n317
2482,n55,n317
2483,n322,n317
2495,n67,n319
2496,n64,n319
2498,n587,n319
2499,n374,n319
2500,n319,n588
2501,n319,n589
2502,n319,n590
2503,n319,n591
2506,n320,n424
2507,n320,n328
2508,n320,n76
2510,n320,n462
2511,n320,n592
2512,n320,n494
2513,n67,n321
2514,n63,n321
2515,n64,n321
2516,n175,n321
2517,n55,n321
2518,n320,n321
2519,n309,n321
2522,n593,n321
2524,n321,n426
2525,n321,n383
2527,n75,n322
2540,n67,n324
2542,n68,n324
2543,n116,n324
2544,n336,n324
2557,n435,n326
2558,n326,n74
2559,n326,n596
2560,n63,n327
2562,n67,n327
2563,n64,n327
2564,n327,n147
2565,n327,n383
2566,n327,n426
2567,n327,n340
2568,n122,n328
2569,n67,n329
2570,n64,n329
2572,n329,n76
2615,n263,n334
2616,n67,n334
2617,n387,n334
2618,n196,n334
2619,n530,n334
2620,n334,n387
2626,n67,n336
2627,n320,n337
2628,n122,n337
2629,n328,n337
2630,n63,n338
2631,n230,n338
2632,n55,n338
2633,n122,n338
2636,n338,n72
2637,n417,n339
2638,n418,n339
2639,n340,n339
2640,n329,n339
2641,n242,n339
2642,n83,n339
2643,n329,n340
2644,n64,n340
2645,n383,n340
2646,n67,n340
2647,n83,n340
2649,n340,n358
2653,n67,n344
2655,n175,n344
2656,n409,n344
2666,n63,n346
2668,n346,n334
2669,n346,n75
2670,n346,n147
2673,n346,n131
2680,n63,n350
2681,n242,n350
2682,n350,n601
2685,n63,n351
2686,n229,n351
2687,n67,n351
2688,n351,n237
2689,n351,n334
2690,n351,n602
2716,n64,n356
2722,n76,n358
2729,n359,n115
2730,n359,n55
2732,n359,n416
2733,n359,n158
2734,n359,n417
2756,n211,n364
2757,n398,n364
2758,n368,n364
2759,n364,n211
2760,n364,n257
2762,n364,n461
2763,n364,n610
2764,n364,n611
2766,n90,n366
2768,n366,n377
2782,n225,n374
2789,n615,n376
2790,n376,n616
2791,n104,n377
2792,n468,n377
2795,n225,n378
2796,n320,n378
2797,n424,n378
2798,n378,n436
2799,n378,n379
2800,n378,n73
2801,n378,n217
2802,n73,n379
2803,n364,n379
2804,n217,n379
2806,n214,n379
2807,n379,n617
2818,n381,n328
2819,n381,n619
2820,n381,n494
2821,n67,n382
2822,n344,n382
2823,n72,n382
2824,n67,n383
2827,n73,n383
2828,n426,n383
2829,n64,n383
2830,n383,n287
2853,n197,n387
2854,n196,n387
2855,n75,n387
2856,n387,n75
2857,n387,n232
2859,n55,n388
2860,n22,n388
2861,n236,n388
2870,n319,n390
2873,n263,n392
2874,n351,n392
2875,n75,n392
2877,n73,n392
2878,n67,n392
2879,n64,n392
2881,n135,n392
2882,n319,n392
2897,n435,n398
2898,n398,n623
2899,n398,n624
2900,n398,n523
2901,n398,n625
2904,n488,n400
2905,n623,n400
2941,n122,n409
2944,n67,n409
2945,n64,n409
2947,n409,n346
2949,n409,n334
2983,n122,n416
2986,n90,n416
2987,n416,n73
2988,n76,n417
2989,n147,n417
2990,n87,n417
2991,n55,n417
2994,n150,n417
2995,n67,n417
2996,n64,n417
2999,n122,n418
3000,n76,n418
3002,n55,n418
3016,n22,n424
3017,n122,n424
3031,n67,n426
3032,n175,n426
3033,n63,n426
3036,n84,n427
3055,n63,n436
3056,n67,n436
3057,n436,n378
3058,n436,n448
3061,n159,n437
3062,n476,n437
3063,n477,n437
3064,n104,n438
3065,n52,n438
3066,n438,n637
3082,n263,n443
3083,n73,n443
3084,n63,n443
3085,n55,n443
3087,n72,n443
3093,n52,n446
3094,n235,n449
3118,n55,n457
3119,n22,n457
3120,n225,n457
3121,n150,n457
3122,n64,n457
3123,n457,n458
3124,n457,n532
3126,n63,n458
3127,n55,n458
3128,n225,n458
3131,n67,n458
3133,n64,n458
3134,n287,n458
3135,n67,n459
3136,n344,n459
3138,n75,n459
3139,n263,n459
3140,n147,n459
3143,n63,n461
3144,n64,n461
3145,n83,n461
3146,n72,n461
3147,n90,n461
3148,n234,n462
3149,n55,n462
3150,n235,n462
3151,n150,n463
3152,n147,n463
3153,n55,n463
3177,n104,n468
3178,n469,n157
3185,n214,n473
3186,n90,n473
3191,n90,n476
3193,n214,n476
3194,n52,n476
3201,n22,n481
3206,n225,n481
3212,n161,n487
3213,n487,n637
3214,n647,n488
3215,n368,n488
3216,n161,n488
3217,n648,n488
3219,n488,n623
3221,n488,n651
3222,n90,n490
3224,n615,n490
3225,n206,n490
3226,n131,n490
3228,n206,n491
3229,n52,n491
3230,n491,n210
3242,n90,n494
3243,n52,n494
3244,n619,n494
3281,n566,n507
3284,n515,n508
3285,n508,n662
3289,n590,n509
3290,n589,n509
3291,n476,n509
3292,n210,n509
3293,n473,n509
3294,n588,n509
3295,n511,n611
3296,n211,n512
3297,n663,n512
3299,n221,n513
3301,n129,n513
3303,n206,n514
3304,n129,n514
3305,n514,n664
3307,n515,n319
3313,n211,n519
3317,n90,n521
3318,n470,n523
3320,n211,n523
3322,n257,n525
3323,n611,n525
3328,n67,n528
3333,n64,n530
3334,n83,n530
3336,n530,n263
3337,n530,n327
3339,n530,n147
3340,n530,n73
3341,n530,n329
3342,n530,n131
3343,n530,n55
3344,n530,n351
3356,n67,n531
3357,n64,n531
3358,n531,n566
3359,n64,n532
3360,n55,n532
3361,n67,n532
3427,n560,n549
3428,n52,n549
3429,n206,n549
3432,n549,n673
3433,n206,n550
3469,n52,n560
3471,n560,n178
3472,n63,n561
3473,n64,n561
3474,n72,n561
3476,n67,n562
3477,n22,n562
3478,n55,n562
3479,n90,n563
3482,n508,n564
3485,n72,n566
3486,n563,n566
3487,n566,n563
3489,n566,n390
3494,n319,n567
3495,n568,n567
3496,n219,n568
3497,n67,n568
3559,n214,n587
3560,n90,n587
3562,n587,n588
3566,n212,n589
3567,n589,n590
3572,n590,n591
3573,n591,n590
3575,n64,n593
3576,n63,n593
3577,n55,n593
3578,n67,n593
3579,n593,n147
3593,n225,n602
3594,n67,n602
3615,n90,n610
3616,n211,n611
3622,n206,n615
3623,n615,n436
3624,n616,n687
3626,n90,n619
3638,n651,n624
3649,n129,n630
3650,n630,n690
3668,n90,n638
3669,n214,n638
3670,n211,n638
3675,n55,n641
3676,n22,n641
3681,n158,n641
3682,n178,n641
3683,n641,n693
3694,n647,n161
3695,n648,n52
3696,n648,n560
3723,n616,n662
3726,n319,n662
3728,n52,n664
3729,n90,n664
3730,n206,n664
3731,n216,n664
3755,n116,n676
3756,n63,n676
3759,n287,n676
3760,n676,n287
3813,n73,n693
3814,n76,n693
