from,to
n2,n1
n3,n1
n5,n1
n11,n1
n13,n1
n14,n1
n1,n17
n1,n18
n1,n19
n1,n20
n1,n21
n1,n22
n23,n2
n24,n2
n25,n2
n26,n2
n27,n2
n28,n2
n2,n3
n2,n29
n2,n30
n2,n31
n2,n32
n2,n34
n2,n35
n2,n3
n23,n3
n26,n3
n27,n3
n36,n3
n3,n5
n3,n4
n37,n4
n4,n38
n4,n5
n4,n39
n4,n40
n3,n5
n2,n5
n33,n5
n5,n34
n5,n8
n32,n6
n6,n41
n6,n8
n6,n13
n6,n9
n6,n42
n6,n43
n3,n7
n44,n7
n2,n7
n31,n7
n3,n8
n2,n8
n23,n8
n5,n8
n7,n8
n32,n8
n46,n8
n34,n8
n44,n8
n6,n8
n3,n9
n6,n9
n8,n9
n13,n9
n47,n9
n48,n9
n9,n49
n9,n50
n9,n51
n9,n52
n9,n1
n9,n53
n8,n10
n13,n10
n3,n10
n10,n55
n10,n56
n10,n57
n10,n58
n59,n11
n60,n11
n61,n11
n11,n12
n11,n63
n11,n22
n11,n65
n26,n12
n11,n12
n67,n12
n44,n12
n2,n12
n3,n12
n23,n12
n12,n1
n12,n68
n12,n65
n12,n69
n12,n70
n12,n20
n12,n71
n12,n72
n12,n74
n3,n13
n7,n13
n6,n13
n8,n13
n13,n48
n13,n75
n13,n57
n13,n78
n3,n14
n8,n14
n34,n15
n5,n15
n3,n15
n79,n15
n67,n15
n80,n15
n52,n15
n82,n15
n83,n15
n3,n16
n2,n16
n55,n16
n100,n16
n101,n16
n16,n71
n17,n71
n1,n18
n18,n63
n18,n102
n18,n112
n18,n113
n18,n114
n18,n116
n18,n117
n1,n19
n42,n19
n19,n16
n19,n18
n12,n20
n1,n20
n118,n20
n20,n19
n20,n119
n20,n120
n20,n121
n20,n122
n20,n123
n2,n21
n3,n21
n67,n21
n2,n22
n165,n23
n23,n167
n23,n168
n23,n169
n171,n24
n24,n173
n24,n36
n24,n25
n171,n26
n26,n167
n26,n27
n26,n165
n26,n36
n26,n27
n27,n178
n27,n165
n27,n36
n79,n28
n27,n28
n165,n28
n28,n180
n28,n65
n2,n29
n29,n30
n29,n30
n3,n31
n182,n31
n183,n31
n2,n31
n31,n185
n31,n186
n31,n187
n31,n32
n31,n188
n31,n41
n31,n35
n31,n84
n31,n123
n2,n32
n3,n32
n44,n32
n31,n32
n187,n32
n32,n47
n3,n33
n2,n33
n37,n33
n33,n46
n33,n189
n33,n34
n33,n98
n2,n34
n3,n34
n5,n34
n34,n46
n2,n35
n31,n35
n35,n194
n35,n195
n27,n36
n196,n36
n36,n197
n36,n23
n36,n67
n36,n65
n23,n37
n37,n199
n37,n200
n37,n43
n37,n40
n38,n39
n38,n39
n39,n201
n3,n40
n5,n40
n4,n40
n43,n40
n40,n107
n40,n52
n3,n41
n6,n41
n44,n41
n41,n195
n6,n42
n43,n42
n42,n49
n6,n43
n5,n43
n43,n52
n23,n44
n2,n44
n202,n45
n31,n45
n185,n45
n187,n45
n183,n45
n2,n46
n3,n46
n31,n46
n33,n46
n5,n46
n34,n46
n46,n203
n46,n195
n3,n47
n32,n47
n3,n49
n204,n49
n9,n49
n42,n49
n49,n205
n49,n195
n9,n50
n50,n206
n40,n51
n9,n51
n7,n51
n43,n51
n42,n51
n51,n207
n3,n52
n9,n52
n1,n52
n55,n52
n81,n52
n107,n52
n40,n52
n43,n52
n53,n91
n53,n130
n53,n136
n53,n158
n53,n215
n53,n216
n53,n218
n53,n220
n53,n221
n53,n222
n53,n223
n53,n224
n53,n225
n53,n226
n53,n227
n1,n54
n15,n54
n101,n54
n54,n21
n54,n228
n54,n84
n54,n124
n54,n127
n54,n229
n54,n230
n190,n55
n10,n55
n55,n231
n55,n109
n55,n17
n55,n72
n55,n15
n171,n56
n3,n56
n26,n56
n27,n56
n2,n56
n13,n56
n24,n57
n2,n57
n3,n57
n31,n57
n187,n57
n13,n57
n195,n57
n253,n57
n3,n58
n58,n254
n79,n59
n173,n59
n59,n60
n59,n80
n59,n255
n59,n61
n59,n12
n59,n60
n79,n60
n173,n60
n60,n61
n59,n61
n26,n61
n61,n256
n59,n62
n61,n62
n62,n11
n44,n63
n3,n64
n26,n64
n2,n64
n126,n64
n64,n98
n26,n65
n27,n65
n2,n65
n2,n66
n80,n66
n302,n66
n303,n66
n304,n66
n66,n305
n66,n12
n66,n7
n80,n67
n23,n67
n2,n67
n3,n67
n67,n44
n67,n306
n67,n68
n67,n84
n67,n65
n67,n77
n277,n68
n3,n68
n80,n68
n72,n68
n15,n68
n126,n68
n265,n68
n174,n68
n246,n68
n307,n68
n308,n68
n309,n68
n245,n68
n71,n68
n112,n68
n310,n68
n69,n243
n69,n312
n69,n117
n275,n70
n12,n70
n70,n120
n70,n68
n70,n65
n70,n313
n107,n71
n257,n71
n44,n71
n80,n71
n16,n71
n17,n71
n67,n71
n314,n71
n71,n180
n71,n264
n71,n315
n71,n316
n71,n221
n71,n65
n71,n317
n71,n72
n2,n72
n3,n72
n23,n72
n113,n72
n71,n72
n74,n235
n74,n226
n74,n327
n74,n77
n74,n273
n74,n237
n74,n326
n74,n331
n21,n75
n53,n75
n91,n75
n17,n75
n262,n75
n332,n75
n8,n75
n333,n75
n334,n75
n13,n75
n7,n75
n335,n75
n228,n75
n23,n76
n3,n76
n68,n76
n134,n76
n336,n76
n337,n76
n113,n76
n76,n235
n76,n338
n104,n78
n13,n78
n21,n78
n262,n78
n291,n78
n343,n78
n78,n77
n78,n320
n78,n120
n344,n79
n79,n80
n79,n67
n79,n3
n79,n97
n79,n68
n79,n65
n79,n80
n168,n80
n59,n80
n80,n208
n80,n63
n80,n345
n81,n63
n81,n264
n81,n348
n81,n349
n5,n82
n82,n16
n82,n84
n2,n84
n2,n85
n31,n85
n87,n243
n87,n285
n87,n271
n87,n368
n21,n88
n135,n88
n137,n88
n351,n88
n72,n88
n15,n88
n103,n88
n88,n359
n88,n369
n88,n370
n88,n371
n88,n372
n88,n374
n88,n138
n125,n89
n21,n89
n15,n89
n89,n138
n89,n232
n89,n65
n89,n374
n89,n375
n21,n90
n372,n90
n90,n120
n90,n121
n105,n91
n228,n91
n209,n91
n120,n91
n7,n91
n357,n91
n53,n91
n84,n91
n15,n91
n91,n53
n91,n376
n91,n209
n91,n130
n91,n377
n91,n378
n91,n379
n91,n224
n91,n160
n91,n215
n91,n380
n91,n381
n91,n220
n305,n92
n92,n155
n68,n93
n322,n93
n330,n93
n383,n93
n311,n93
n346,n93
n65,n93
n81,n93
n15,n93
n113,n93
n72,n93
n93,n384
n93,n326
n93,n94
n93,n117
n93,n327
n93,n273
n93,n77
n93,n74
n93,n290
n68,n94
n93,n94
n384,n94
n15,n94
n64,n94
n76,n94
n74,n94
n148,n94
n94,n326
n94,n290
n68,n96
n15,n96
n7,n96
n74,n96
n331,n96
n77,n96
n93,n96
n385,n96
n323,n96
n284,n96
n346,n96
n81,n96
n348,n96
n52,n96
n79,n97
n2,n97
n3,n97
n67,n97
n120,n97
n23,n98
n2,n98
n3,n98
n386,n98
n44,n98
n67,n98
n34,n98
n113,n98
n98,n319
n21,n99
n68,n99
n174,n99
n284,n99
n15,n99
n99,n221
n33,n100
n100,n82
n101,n396
n101,n397
n101,n398
n17,n102
n18,n102
n102,n63
n102,n21
n102,n262
n102,n84
n102,n208
n21,n103
n16,n103
n3,n104
n21,n105
n278,n105
n399,n105
n400,n105
n143,n105
n142,n105
n63,n105
n129,n105
n105,n53
n105,n130
n105,n368
n105,n22
n105,n390
n105,n136
n2,n106
n106,n402
n106,n403
n3,n107
n44,n107
n12,n107
n404,n107
n2,n107
n40,n107
n107,n17
n107,n72
n107,n405
n3,n108
n55,n109
n52,n109
n1,n109
n2,n110
n3,n110
n31,n110
n7,n110
n195,n110
n408,n110
n110,n17
n110,n264
n110,n63
n110,n21
n2,n112
n3,n112
n44,n112
n13,n112
n107,n112
n55,n112
n3,n113
n44,n113
n52,n113
n1,n113
n18,n113
n190,n113
n17,n113
n113,n63
n113,n317
n113,n332
n113,n122
n113,n265
n2,n114
n23,n114
n112,n114
n3,n114
n7,n114
n8,n114
n333,n114
n1,n114
n332,n114
n115,n114
n114,n115
n114,n307
n114,n388
n114,n414
n114,n415
n114,n296
n114,n348
n114,n409
n114,n416
n2,n115
n3,n115
n23,n115
n7,n115
n8,n115
n115,n415
n115,n348
n115,n409
n417,n116
n116,n159
n116,n152
n116,n419
n68,n117
n93,n117
n2,n117
n311,n117
n77,n117
n73,n117
n69,n117
n281,n117
n330,n117
n117,n290
n117,n420
n117,n341
n117,n421
n23,n118
n422,n118
n302,n118
n303,n118
n304,n118
n118,n305
n118,n423
n20,n119
n119,n220
n63,n120
n372,n120
n208,n120
n78,n120
n140,n120
n120,n123
n120,n425
n120,n320
n120,n22
n120,n158
n120,n243
n120,n53
n120,n177
n21,n121
n84,n121
n12,n121
n1,n121
n20,n121
n90,n121
n121,n324
n121,n383
n121,n426
n121,n322
n121,n116
n113,n122
n71,n122
n3,n122
n122,n208
n122,n324
n122,n413
n122,n338
n21,n123
n84,n123
n120,n123
n361,n123
n291,n123
n16,n123
n417,n123
n31,n123
n123,n427
n123,n428
n123,n77
n123,n297
n123,n429
n123,n430
n123,n151
n123,n152
n123,n431
n123,n154
n123,n432
n123,n73
n123,n177
n124,n21
n124,n230
n9,n125
n3,n126
n63,n127
n17,n127
n16,n127
n127,n21
n21,n128
n17,n128
n16,n129
n21,n129
n129,n146
n129,n22
n129,n142
n129,n141
n129,n160
n129,n383
n442,n131
n21,n131
n126,n133
n262,n133
n63,n133
n133,n277
n133,n98
n203,n134
n21,n134
n64,n134
n228,n134
n65,n134
n56,n134
n134,n337
n134,n238
n134,n447
n34,n135
n23,n136
n3,n136
n21,n137
n137,n135
n137,n446
n21,n138
n89,n138
n15,n138
n2,n138
n138,n232
n138,n238
n138,n451
n138,n400
n21,n139
n89,n139
n139,n452
n21,n140
n63,n140
n140,n65
n140,n356
n140,n300
n3,n141
n400,n141
n129,n141
n141,n22
n141,n300
n141,n179
n141,n146
n141,n453
n141,n454
n141,n56
n141,n210
n129,n142
n142,n22
n88,n143
n371,n143
n446,n143
n365,n143
n143,n53
n143,n280
n143,n362
n143,n120
n143,n146
n143,n147
n143,n22
n387,n144
n144,n238
n144,n22
n144,n155
n144,n249
n144,n56
n88,n145
n21,n145
n147,n145
n145,n56
n145,n22
n145,n234
n145,n455
n145,n336
n141,n146
n129,n146
n143,n146
n146,n252
n146,n22
n146,n161
n146,n210
n21,n147
n64,n147
n278,n147
n371,n147
n143,n147
n147,n456
n147,n22
n2,n148
n148,n241
n148,n459
n148,n273
n148,n164
n148,n460
n148,n243
n203,n149
n22,n150
n21,n150
n123,n151
n34,n151
n418,n152
n123,n152
n191,n152
n56,n152
n22,n152
n228,n152
n362,n152
n152,n151
n152,n340
n152,n159
n208,n155
n122,n155
n21,n155
n374,n155
n123,n155
n387,n155
n232,n155
n144,n155
n65,n155
n161,n155
n22,n155
n92,n155
n155,n465
n155,n466
n155,n58
n155,n254
n214,n158
n53,n158
n151,n158
n191,n158
n192,n158
n320,n158
n437,n158
n21,n158
n366,n158
n78,n158
n120,n158
n91,n158
n228,n158
n68,n158
n442,n158
n22,n158
n215,n158
n285,n158
n158,n260
n158,n224
n158,n215
n158,n468
n158,n469
n158,n393
n158,n470
n159,n148
n159,n295
n159,n463
n1,n160
n91,n160
n472,n160
n22,n160
n160,n162
n160,n224
n160,n474
n160,n368
n20,n161
n141,n161
n232,n161
n22,n161
n479,n161
n480,n161
n123,n161
n146,n161
n65,n161
n161,n56
n161,n233
n161,n191
n161,n163
n161,n481
n160,n162
n130,n162
n21,n162
n22,n162
n56,n162
n162,n271
n162,n285
n162,n243
n162,n224
n162,n328
n162,n341
n22,n163
n56,n163
n161,n163
n8,n163
n157,n163
n163,n22
n163,n56
n163,n298
n27,n165
n165,n166
n166,n23
n23,n167
n197,n167
n167,n482
n23,n168
n168,n483
n23,n169
n169,n484
n170,n24
n170,n171
n170,n173
n170,n171
n171,n79
n172,n24
n24,n173
n173,n27
n173,n178
n173,n79
n173,n28
n173,n136
n26,n174
n26,n175
n65,n175
n84,n175
n175,n98
n175,n409
n175,n416
n175,n427
n176,n368
n176,n389
n3,n177
n123,n177
n320,n177
n63,n177
n120,n177
n21,n177
n16,n177
n17,n177
n2,n177
n97,n177
n177,n487
n177,n77
n177,n253
n177,n154
n177,n53
n177,n488
n177,n489
n177,n364
n27,n178
n178,n2
n178,n3
n178,n28
n178,n197
n178,n305
n63,n179
n141,n179
n179,n53
n179,n490
n179,n491
n179,n492
n179,n210
n28,n180
n80,n180
n17,n180
n63,n180
n113,n180
n126,n180
n180,n208
n180,n212
n180,n74
n180,n288
n180,n495
n120,n181
n28,n181
n181,n120
n181,n496
n2,n182
n3,n182
n23,n182
n182,n183
n182,n186
n202,n183
n2,n183
n183,n188
n183,n242
n31,n184
n2,n184
n3,n184
n184,n32
n24,n185
n3,n185
n2,n185
n185,n187
n2,n186
n31,n186
n3,n186
n31,n187
n185,n187
n3,n187
n2,n187
n187,n195
n2,n188
n7,n188
n183,n188
n32,n188
n188,n498
n188,n8
n188,n195
n188,n64
n499,n189
n190,n364
n21,n191
n228,n191
n65,n191
n277,n191
n70,n191
n246,n191
n232,n191
n480,n191
n191,n192
n192,n98
n21,n193
n192,n193
n15,n193
n56,n193
n98,n193
n194,n503
n46,n195
n8,n195
n41,n195
n2,n195
n3,n195
n203,n195
n187,n195
n31,n195
n100,n195
n35,n195
n195,n82
n195,n301
n195,n134
n24,n196
n196,n3
n196,n256
n36,n197
n27,n197
n178,n197
n197,n2
n198,n506
n198,n37
n37,n199
n200,n189
n24,n202
n2,n202
n26,n202
n173,n202
n187,n203
n8,n203
n7,n203
n203,n409
n3,n204
n204,n41
n204,n504
n3,n205
n9,n205
n49,n205
n50,n206
n51,n207
n2,n208
n3,n208
n23,n208
n80,n208
n508,n208
n388,n208
n105,n209
n53,n209
n212,n209
n210,n209
n262,n209
n209,n53
n209,n510
n141,n210
n146,n210
n454,n210
n179,n210
n210,n53
n180,n212
n63,n212
n208,n212
n212,n473
n212,n511
n212,n321
n212,n53
n212,n288
n212,n477
n71,n213
n213,n473
n53,n214
n130,n214
n370,n214
n119,n214
n214,n512
n214,n224
n214,n243
n214,n513
n91,n216
n21,n216
n84,n216
n53,n216
n216,n367
n216,n516
n216,n441
n2,n217
n3,n217
n16,n217
n21,n217
n160,n217
n209,n217
n518,n217
n217,n519
n217,n442
n217,n273
n53,n218
n218,n437
n91,n219
n78,n219
n53,n219
n520,n219
n219,n521
n219,n91
n21,n220
n426,n220
n91,n220
n522,n220
n136,n220
n523,n220
n524,n220
n220,n380
n220,n438
n220,n525
n317,n221
n68,n221
n226,n221
n98,n221
n53,n221
n221,n526
n264,n222
n125,n222
n89,n222
n316,n222
n68,n222
n208,n222
n65,n222
n112,n222
n91,n222
n299,n222
n222,n321
n2,n223
n120,n223
n92,n223
n130,n223
n53,n223
n63,n224
n160,n224
n162,n224
n91,n224
n224,n526
n2,n225
n320,n225
n227,n225
n84,n226
n148,n226
n74,n226
n325,n226
n112,n226
n346,n226
n68,n226
n65,n226
n73,n226
n53,n226
n320,n227
n425,n227
n68,n227
n53,n227
n422,n228
n2,n228
n23,n228
n17,n229
n229,n21
n229,n125
n230,n21
n55,n231
n21,n232
n138,n232
n529,n232
n64,n232
n89,n232
n400,n232
n232,n480
n232,n134
n232,n56
n232,n238
n232,n132
n232,n300
n232,n274
n387,n233
n144,n233
n21,n233
n2,n233
n161,n233
n233,n161
n233,n56
n21,n234
n145,n234
n147,n234
n234,n56
n234,n530
n3,n235
n404,n235
n237,n243
n3,n238
n2,n238
n238,n132
n238,n369
n238,n534
n238,n285
n238,n134
n238,n98
n56,n239
n22,n239
n239,n364
n239,n76
n239,n535
n239,n461
n21,n240
n68,n240
n22,n240
n65,n240
n56,n240
n240,n132
n240,n536
n533,n241
n56,n242
n8,n242
n7,n242
n277,n242
n56,n242
n183,n242
n21,n242
n157,n242
n250,n242
n148,n243
n320,n243
n237,n243
n74,n243
n56,n243
n98,n243
n120,n243
n220,n243
n69,n243
n65,n243
n321,n243
n162,n243
n91,n243
n243,n271
n243,n285
n243,n534
n308,n246
n316,n246
n126,n246
n246,n267
n246,n247
n246,n544
n246,n412
n246,n245
n246,n538
n80,n248
n118,n248
n2,n248
n21,n248
n291,n248
n248,n362
n248,n247
n21,n249
n16,n249
n387,n249
n85,n249
n249,n98
n249,n253
n8,n250
n21,n250
n3,n251
n41,n251
n251,n431
n251,n392
n251,n545
n251,n546
n146,n252
n252,n154
n23,n254
n3,n254
n21,n254
n177,n254
n56,n254
n22,n254
n58,n254
n59,n255
n60,n255
n23,n255
n2,n255
n547,n255
n255,n548
n255,n44
n255,n256
n61,n256
n257,n72
n44,n258
n17,n258
n258,n550
n258,n180
n258,n63
n258,n126
n63,n259
n368,n259
n158,n260
n63,n260
n228,n260
n63,n261
n63,n262
n44,n262
n8,n262
n102,n262
n262,n492
n262,n275
n262,n552
n262,n120
n262,n84
n404,n263
n263,n418
n263,n85
n3,n264
n15,n264
n17,n264
n71,n264
n72,n264
n81,n264
n67,n264
n1,n264
n264,n553
n264,n309
n264,n388
n264,n68
n113,n265
n21,n266
n228,n266
n65,n266
n22,n266
n68,n266
n455,n266
n480,n266
n353,n266
n336,n266
n175,n266
n266,n132
n266,n240
n266,n353
n266,n554
n266,n273
n266,n117
n266,n290
n245,n268
n277,n268
n268,n68
n268,n174
n268,n245
n268,n65
n268,n557
n558,n269
n88,n270
n21,n270
n143,n270
n270,n177
n68,n273
n74,n273
n93,n273
n464,n273
n148,n273
n311,n273
n65,n273
n272,n273
n232,n274
n21,n274
n112,n274
n276,n274
n279,n274
n274,n298
n274,n98
n1,n275
n417,n275
n21,n275
n133,n275
n85,n275
n64,n275
n262,n275
n31,n275
n275,n246
n112,n276
n72,n276
n21,n276
n88,n276
n85,n276
n64,n276
n279,n276
n276,n279
n276,n346
n276,n409
n276,n412
n276,n560
n138,n277
n133,n277
n277,n174
n277,n245
n277,n65
n21,n278
n2,n279
n112,n279
n561,n279
n21,n280
n280,n562
n280,n518
n280,n320
n383,n281
n68,n281
n64,n281
n281,n74
n281,n77
n281,n148
n281,n94
n191,n282
n64,n282
n65,n282
n228,n282
n134,n282
n282,n563
n2,n283
n3,n283
n283,n154
n283,n93
n21,n284
n68,n284
n174,n284
n480,n284
n232,n284
n234,n284
n412,n284
n228,n284
n284,n336
n284,n530
n284,n73
n284,n438
n284,n428
n284,n295
n284,n411
n284,n564
n284,n554
n3,n285
n285,n445
n21,n286
n240,n286
n162,n286
n285,n286
n286,n271
n286,n285
n286,n445
n2,n287
n1,n287
n20,n287
n21,n287
n68,n287
n228,n287
n387,n287
n65,n287
n91,n287
n336,n287
n217,n287
n99,n287
n287,n290
n208,n288
n212,n288
n180,n288
n473,n288
n511,n288
n68,n288
n288,n509
n288,n567
n3,n289
n237,n289
n238,n289
n56,n289
n125,n289
n89,n289
n120,n289
n68,n289
n443,n289
n154,n289
n2,n289
n159,n289
n122,n289
n91,n289
n289,n445
n289,n570
n290,n572
n3,n291
n388,n291
n208,n291
n291,n212
n292,n65
n84,n293
n21,n293
n293,n65
n293,n296
n26,n294
n84,n294
n21,n294
n64,n294
n245,n294
n294,n65
n294,n532
n3,n295
n68,n295
n154,n295
n322,n295
n159,n295
n72,n295
n76,n295
n284,n295
n56,n295
n22,n295
n528,n295
n148,n295
n112,n295
n295,n338
n295,n428
n295,n385
n295,n243
n295,n461
n21,n296
n84,n296
n293,n296
n228,n296
n65,n296
n114,n296
n56,n296
n532,n296
n480,n296
n175,n296
n299,n296
n20,n296
n296,n342
n296,n385
n573,n297
n65,n297
n123,n297
n297,n574
n297,n575
n8,n298
n3,n298
n7,n298
n228,n298
n220,n298
n438,n298
n68,n298
n335,n298
n65,n298
n163,n298
n91,n298
n31,n299
n576,n300
n141,n300
n300,n191
n300,n577
n64,n301
n68,n301
n120,n301
n123,n301
n84,n301
n21,n301
n72,n301
n70,n301
n65,n301
n15,n301
n3,n301
n8,n301
n113,n301
n23,n302
n482,n302
n26,n302
n386,n302
n484,n302
n302,n303
n302,n304
n302,n578
n302,n579
n302,n305
n302,n303
n303,n304
n302,n304
n303,n304
n386,n304
n3,n304
n2,n304
n26,n305
n23,n305
n118,n305
n580,n305
n3,n306
n80,n306
n306,n52
n306,n17
n107,n307
n1,n307
n17,n307
n126,n307
n114,n307
n549,n307
n307,n388
n307,n208
n307,n246
n308,n247
n308,n336
n308,n539
n308,n240
n308,n536
n308,n582
n257,n309
n283,n311
n458,n311
n329,n311
n318,n311
n21,n311
n3,n311
n68,n311
n311,n464
n311,n290
n312,n385
n312,n74
n3,n313
n70,n313
n313,n541
n313,n585
n2,n314
n3,n314
n33,n314
n586,n314
n314,n5
n314,n587
n71,n316
n71,n317
n72,n317
n17,n317
n113,n317
n317,n315
n317,n68
n317,n65
n317,n53
n71,n318
n318,n65
n318,n329
n318,n272
n318,n74
n318,n428
n318,n245
n23,n319
n2,n319
n3,n319
n72,n319
n64,n319
n65,n319
n56,n319
n98,n319
n283,n319
n324,n319
n2,n320
n120,n320
n320,n392
n522,n322
n388,n322
n121,n322
n322,n426
n322,n330
n322,n74
n322,n77
n322,n327
n322,n154
n322,n463
n322,n592
n322,n489
n68,n323
n65,n323
n174,n323
n56,n323
n322,n323
n312,n323
n72,n323
n26,n323
n593,n323
n154,n323
n323,n428
n323,n385
n323,n554
n323,n73
n121,n324
n122,n324
n76,n324
n21,n324
n113,n324
n73,n324
n324,n327
n324,n594
n68,n325
n284,n325
n73,n325
n65,n325
n325,n595
n325,n290
n2,n326
n3,n326
n437,n328
n162,n328
n73,n328
n328,n75
n328,n596
n597,n329
n68,n329
n65,n329
n283,n329
n318,n329
n299,n329
n329,n74
n329,n148
n329,n236
n329,n385
n329,n428
n329,n342
n329,n235
n329,n312
n123,n330
n322,n330
n330,n327
n330,n77
n330,n74
n68,n331
n65,n331
n311,n331
n77,n331
n331,n77
n3,n332
n44,n332
n55,n332
n113,n332
n550,n332
n63,n332
n332,n126
n332,n122
n332,n208
n332,n21
n332,n414
n3,n333
n23,n333
n2,n333
n44,n333
n504,n333
n8,n333
n7,n333
n333,n335
n8,n334
n7,n334
n3,n335
n2,n335
n23,n335
n44,n335
n202,n335
n183,n335
n126,n335
n63,n335
n113,n335
n332,n335
n115,n335
n114,n335
n17,n335
n550,n335
n343,n335
n335,n414
n335,n533
n532,n336
n76,n337
n134,n337
n68,n337
n337,n134
n337,n336
n322,n339
n123,n339
n330,n339
n154,n339
n228,n340
n233,n340
n56,n340
n123,n340
n120,n340
n97,n340
n340,n77
n340,n151
n340,n73
n420,n341
n117,n341
n421,n341
n77,n341
n342,n341
n162,n341
n245,n341
n84,n341
n3,n343
n178,n344
n80,n345
n598,n345
n68,n346
n276,n346
n279,n346
n81,n346
n174,n346
n412,n346
n599,n346
n346,n571
n2,n348
n52,n348
n21,n348
n332,n348
n64,n348
n114,n348
n228,n348
n98,n348
n597,n348
n348,n336
n348,n76
n348,n148
n348,n98
n348,n537
n348,n290
n348,n466
n348,n235
n348,n132
n81,n349
n21,n350
n88,n350
n350,n84
n63,n351
n21,n351
n85,n352
n64,n352
n84,n352
n245,n352
n352,n601
n352,n300
n352,n356
n26,n354
n27,n354
n23,n354
n354,n409
n2,n355
n3,n355
n85,n355
n84,n355
n263,n355
n7,n355
n31,n355
n228,n355
n21,n355
n68,n355
n65,n355
n388,n355
n355,n604
n355,n283
n21,n356
n84,n356
n65,n356
n356,n605
n21,n357
n84,n357
n65,n358
n84,n358
n85,n359
n64,n359
n371,n359
n359,n606
n359,n365
n77,n360
n2,n360
n85,n360
n342,n360
n3,n361
n417,n361
n275,n361
n361,n116
n361,n56
n361,n154
n361,n419
n361,n159
n361,n420
n143,n362
n78,n362
n120,n362
n85,n362
n607,n362
n362,n370
n362,n608
n362,n425
n85,n363
n363,n609
n2,n364
n3,n364
n7,n364
n8,n364
n190,n364
n120,n364
n123,n364
n22,n364
n177,n364
n239,n364
n98,n364
n238,n364
n364,n98
n364,n324
n364,n414
n64,n365
n85,n365
n359,n365
n21,n366
n63,n366
n130,n366
n370,n366
n366,n260
n366,n442
n366,n462
n366,n610
n366,n611
n216,n367
n377,n368
n105,n368
n176,n368
n160,n368
n91,n368
n368,n612
n368,n379
n369,n451
n362,n370
n21,n371
n88,n371
n371,n128
n371,n22
n371,n599
n372,n613
n88,n373
n373,n420
n21,n374
n433,n374
n89,n374
n374,n614
n374,n208
n374,n249
n89,n375
n91,n376
n228,n376
n1,n376
n376,n321
n91,n377
n8,n377
n377,n298
n377,n565
n377,n568
n91,n378
n615,n378
n378,n616
n91,n379
n105,n379
n368,n379
n468,n379
n74,n381
n380,n381
n366,n381
n220,n381
n78,n381
n91,n381
n217,n381
n381,n617
n121,n383
n129,n383
n383,n330
n383,n618
n383,n489
n68,n384
n93,n384
n346,n384
n73,n384
n68,n385
n410,n385
n457,n385
n312,n385
n74,n385
n428,n385
n323,n385
n329,n385
n65,n385
n385,n290
n385,n342
n619,n387
n400,n387
n387,n191
n387,n98
n388,n68
n388,n65
n388,n415
n388,n98
n2,n389
n3,n389
n389,n98
n239,n391
n98,n391
n3,n392
n44,n392
n320,n392
n251,n392
n392,n53
n392,n410
n392,n159
n3,n393
n208,n393
n126,n393
n321,n393
n266,n395
n353,n395
n76,n395
n320,n395
n74,n395
n98,n395
n68,n395
n65,n395
n389,n395
n136,n395
n321,n395
n243,n395
n101,n396
n101,n397
n396,n397
n620,n397
n397,n84
n101,n398
n398,n436
n398,n126
n21,n399
n3,n400
n21,n400
n137,n400
n64,n400
n138,n400
n400,n478
n400,n228
n437,n401
n130,n401
n401,n622
n401,n623
n401,n525
n401,n624
n401,n366
n106,n402
n106,n403
n492,n403
n622,n403
n3,n405
n107,n405
n405,n126
n405,n68
n2,n407
n3,n407
n44,n407
n407,n17
n2,n408
n2,n409
n8,n410
n3,n410
n107,n410
n41,n410
n528,n410
n251,n410
n2,n411
n3,n411
n15,n411
n112,n411
n88,n411
n68,n411
n564,n411
n284,n411
n3,n412
n123,n412
n120,n412
n315,n412
n68,n412
n65,n412
n246,n412
n112,n412
n412,n427
n412,n348
n412,n466
n412,n336
n412,n409
n113,n413
n332,n414
n335,n414
n122,n414
n114,n414
n97,n414
n388,n415
n114,n415
n115,n415
n415,n431
n114,n416
n409,n416
n348,n416
n175,n416
n17,n417
n553,n417
n417,n625
n417,n149
n604,n418
n299,n418
n418,n604
n418,n627
n305,n419
n116,n419
n123,n419
n431,n419
n91,n419
n419,n74
n3,n421
n15,n421
n117,n421
n123,n421
n77,n421
n63,n421
n56,n421
n167,n422
n23,n422
n422,n482
n422,n80
n422,n423
n245,n423
n118,n423
n80,n423
n17,n424
n262,n424
n424,n508
n424,n120
n362,n425
n120,n425
n425,n628
n322,n426
n22,n426
n123,n426
n121,n426
n426,n380
n426,n283
n630,n427
n631,n427
n632,n427
n21,n427
n388,n427
n1,n427
n88,n427
n123,n427
n65,n427
n415,n427
n246,n427
n68,n427
n64,n427
n175,n427
n561,n427
n412,n427
n68,n428
n329,n428
n174,n428
n284,n428
n323,n428
n318,n428
n295,n428
n428,n585
n428,n235
n123,n429
n480,n429
n299,n429
n123,n430
n633,n430
n8,n431
n3,n431
n251,n431
n415,n431
n431,n627
n431,n531
n431,n432
n123,n432
n431,n432
n2,n432
n432,n159
n21,n433
n125,n433
n126,n433
n44,n434
n17,n434
n405,n434
n434,n126
n434,n398
n1,n435
n405,n435
n257,n435
n435,n126
n435,n634
n17,n436
n208,n436
n317,n436
n126,n436
n218,n437
n105,n440
n53,n440
n130,n440
n215,n440
n440,n635
n216,n441
n130,n441
n220,n442
n442,n636
n442,n220
n362,n443
n443,n637
n443,n320
n443,n132
n21,n444
n56,n444
n353,n444
n485,n444
n444,n132
n266,n445
n74,n445
n132,n445
n56,n445
n284,n445
n73,n445
n286,n445
n285,n445
n21,n446
n137,n446
n446,n136
n446,n638
n134,n447
n228,n447
n154,n447
n447,n639
n53,n448
n136,n448
n136,n449
n136,n450
n438,n450
n369,n451
n138,n451
n238,n451
n139,n452
n452,n640
n452,n614
n141,n453
n453,n471
n141,n454
n179,n454
n68,n455
n145,n455
n404,n455
n455,n554
n455,n151
n148,n459
n56,n459
n22,n459
n228,n459
n151,n459
n65,n459
n459,n460
n459,n534
n148,n460
n203,n460
n56,n460
n228,n460
n311,n460
n152,n460
n68,n460
n153,n460
n65,n460
n290,n460
n68,n461
n346,n461
n480,n461
n76,n461
n266,n461
n148,n461
n366,n462
n64,n462
n154,n462
n65,n462
n84,n462
n73,n462
n91,n462
n237,n463
n159,n463
n56,n463
n238,n463
n154,n463
n322,n463
n311,n464
n151,n464
n148,n464
n154,n464
n56,n464
n163,n465
n2,n467
n3,n467
n643,n467
n157,n467
n105,n468
n158,n468
n158,n469
n469,n158
n158,n470
n457,n471
n471,n458
n471,n312
n471,n311
n471,n235
n471,n159
n471,n74
n559,n472
n21,n473
n213,n473
n217,n473
n91,n473
n160,n474
n93,n475
n222,n475
n68,n475
n321,n475
n160,n475
n91,n476
n21,n476
n217,n476
n53,n476
n160,n476
n476,n327
n160,n477
n212,n477
n3,n478
n478,n161
n22,n479
n21,n480
n168,n483
n169,n484
n484,n482
n91,n485
n78,n485
n175,n485
n615,n485
n209,n485
n132,n485
n17,n486
n177,n486
n209,n486
n53,n486
n486,n213
n487,n77
n2,n488
n3,n488
n8,n488
n203,n488
n22,n488
n177,n488
n597,n488
n21,n489
n91,n489
n53,n489
n322,n489
n383,n489
n179,n490
n162,n491
n179,n491
n262,n492
n645,n492
n162,n492
n179,n492
n492,n622
n492,n649
n179,n493
n180,n494
n494,n650
n494,n495
n180,n495
n217,n495
n91,n495
n605,n495
n495,n588
n495,n321
n495,n650
n181,n496
n78,n496
n496,n78
n496,n520
n3,n497
n2,n497
n497,n31
n7,n498
n188,n498
n498,n300
n651,n499
n499,n652
n499,n653
n499,n655
n499,n597
n499,n546
n499,n656
n189,n500
n500,n546
n499,n501
n189,n501
n573,n501
n101,n502
n502,n626
n503,n194
n2,n504
n3,n504
n195,n504
n504,n657
n504,n658
n505,n506
n505,n198
n506,n659
n506,n660
n3,n507
n8,n507
n507,n81
n180,n508
n568,n509
n3,n510
n21,n510
n209,n510
n517,n510
n510,n661
n212,n511
n17,n511
n21,n511
n208,n511
n590,n511
n589,n511
n476,n511
n213,n511
n473,n511
n588,n511
n214,n513
n513,n611
n214,n514
n662,n514
n514,n215
n224,n515
n1,n515
n130,n515
n215,n515
n515,n526
n209,n516
n130,n516
n216,n516
n516,n663
n518,n517
n517,n321
n217,n519
n519,n664
n496,n520
n78,n520
n107,n521
n388,n522
n21,n522
n91,n523
n470,n525
n220,n525
n401,n525
n320,n525
n214,n525
n53,n526
n224,n526
n515,n526
n224,n527
n260,n527
n611,n527
n228,n528
n246,n528
n418,n528
n528,n531
n528,n585
n68,n530
n284,n530
n431,n531
n528,n531
n151,n531
n531,n536
n531,n585
n531,n235
n2,n533
n3,n533
n23,n533
n71,n533
n72,n533
n1,n533
n15,n533
n21,n533
n68,n533
n65,n533
n533,n235
n533,n568
n65,n534
n56,n534
n238,n534
n243,n534
n68,n534
n534,n243
n3,n535
n308,n535
n68,n535
n76,n535
n541,n535
n247,n535
n240,n535
n455,n535
n245,n536
n247,n536
n541,n536
n315,n536
n308,n536
n313,n536
n68,n536
n65,n536
n336,n536
n428,n536
n531,n536
n585,n536
n544,n536
n91,n536
n220,n536
n65,n537
n348,n537
n537,n235
n537,n244
n245,n539
n65,n539
n538,n539
n308,n539
n70,n539
n245,n540
n68,n540
n65,n540
n84,n540
n668,n540
n540,n346
n65,n541
n313,n541
n70,n541
n247,n541
n267,n541
n582,n541
n245,n541
n65,n542
n669,n542
n245,n542
n542,n581
n68,n543
n245,n543
n543,n530
n246,n544
n267,n544
n555,n544
n247,n544
n544,n346
n8,n545
n251,n545
n499,n546
n3,n547
n2,n547
n547,n670
n2,n548
n255,n548
n548,n11
n72,n549
n71,n549
n549,n68
n549,n65
n2,n550
n52,n550
n17,n550
n550,n126
n550,n63
n550,n262
n550,n180
n562,n551
n53,n551
n209,n551
n26,n551
n551,n672
n551,n261
n262,n552
n209,n552
n68,n554
n73,n554
n284,n554
n336,n554
n673,n554
n455,n554
n93,n554
n554,n290
n267,n555
n174,n555
n247,n555
n68,n555
n21,n556
n64,n556
n68,n556
n174,n556
n267,n556
n68,n557
n174,n557
n268,n557
n21,n557
n674,n557
n3,n559
n68,n560
n65,n560
n412,n560
n276,n560
n346,n560
n2,n561
n549,n561
n114,n561
n72,n561
n21,n562
n53,n562
n15,n562
n562,n177
n68,n564
n22,n564
n56,n564
n91,n565
n377,n565
n3,n565
n8,n565
n565,n285
n510,n566
n285,n566
n511,n567
n2,n568
n533,n568
n73,n568
n565,n568
n568,n565
n568,n393
n3,n569
n21,n569
n17,n569
n208,n569
n321,n569
n570,n569
n222,n570
n68,n570
n81,n570
n499,n573
n297,n574
n677,n574
n678,n574
n679,n574
n220,n577
n300,n577
n578,n579
n578,n44
n578,n579
n579,n44
n308,n581
n542,n581
n309,n583
n583,n542
n68,n584
n174,n584
n277,n584
n267,n584
n15,n584
n266,n585
n385,n585
n428,n585
n531,n585
n267,n585
n245,n585
n68,n585
n65,n585
n541,n585
n247,n585
n313,n585
n535,n585
n528,n585
n679,n586
n321,n588
n321,n589
n21,n589
n72,n589
n215,n589
n589,n590
n21,n590
n321,n590
n3,n590
n21,n591
n321,n591
n590,n591
n591,n590
n322,n592
n26,n593
n65,n593
n56,n593
n68,n593
n593,n148
n325,n595
n320,n596
n499,n597
n2,n597
n3,n597
n23,n597
n80,n598
n599,n276
n599,n412
n347,n600
n352,n601
n601,n300
n603,n354
n603,n84
n603,n65
n603,n293
n603,n92
n31,n604
n418,n604
n387,n605
n606,n607
n606,n607
n400,n607
n607,n320
n362,n608
n270,n608
n363,n609
n91,n610
n366,n610
n513,n611
n366,n611
n514,n612
n177,n613
n78,n613
n362,n613
n372,n613
n452,n614
n374,n614
n614,n641
n615,n438
n378,n616
n616,n685
n381,n617
n383,n618
n91,n618
n618,n489
n21,n619
n619,n65
n619,n686
n101,n620
n396,n620
n620,n621
n101,n621
n396,n621
n621,n397
n492,n622
n17,n623
n21,n623
n208,n623
n401,n623
n649,n623
n623,n687
n417,n625
n626,n542
n3,n627
n2,n627
n130,n628
n425,n628
n320,n629
n249,n629
n629,n426
n1,n630
n88,n630
n123,n630
n65,n630
n68,n630
n64,n630
n175,n630
n632,n690
n113,n634
n435,n634
n634,n71
n634,n264
n634,n113
n634,n398
n443,n637
n480,n637
n320,n637
n446,n638
n21,n638
n638,n218
n447,n639
n56,n639
n22,n639
n120,n639
n21,n639
n154,n639
n78,n639
n177,n639
n452,n640
n640,n642
n614,n641
n641,n457
n640,n642
n457,n642
n642,n693
n3,n644
n371,n644
n644,n65
n120,n645
n362,n645
n645,n162
n646,n53
n646,n562
n646,n97
n492,n648
n492,n649
n495,n650
n605,n650
n651,n652
n651,n652
n499,n652
n652,n696
n697,n653
n499,n653
n653,n698
n699,n654
n573,n654
n499,n654
n573,n655
n597,n656
n2,n656
n203,n656
n499,n656
n656,n488
n507,n657
n5,n658
n13,n658
n3,n658
n658,n251
n700,n659
n506,n659
n659,n701
n660,n702
n52,n661
n616,n661
n208,n661
n21,n661
n321,n661
n78,n662
n53,n663
n91,n663
n209,n663
n519,n664
n21,n664
n532,n665
n665,n532
n667,n538
n667,n208
n65,n668
n84,n668
n245,n668
n3,n670
n547,n670
n670,n257
n703,n671
n68,n673
n346,n673
n93,n673
n673,n226
n677,n678
n677,n678
n678,n706
n700,n679
n701,n679
n80,n679
n679,n707
n679,n706
n71,n680
n315,n680
n666,n680
n313,n680
n208,n680
n680,n68
n680,n247
n680,n541
n680,n267
n680,n246
n680,n73
n680,n74
n680,n148
n680,n535
n68,n681
n681,n708
n700,n683
n683,n710
n276,n684
n605,n684
n21,n685
n616,n685
n557,n686
n623,n687
n3,n688
n628,n688
n628,n689
n632,n690
n1,n690
n641,n692
n374,n693
n457,n693
n651,n695
n499,n695
n695,n696
n695,n696
n712,n697
n697,n713
n499,n698
n714,n698
n698,n715
n718,n700
n720,n700
n700,n701
n700,n722
n700,n586
n700,n701
n659,n701
n679,n702
n660,n702
n676,n704
n704,n573
n704,n724
n5,n705
n189,n705
n705,n677
n705,n678
n725,n706
n679,n706
n726,n706
n678,n706
n679,n707
n33,n707
n5,n707
n3,n707
n707,n81
n700,n709
n506,n709
n728,n710
n725,n710
n696,n711
n712,n729
n713,n714
n713,n714
n714,n715
n712,n716
n731,n716
n716,n717
n717,n725
n717,n733
n718,n734
n718,n735
n718,n736
n718,n738
n719,n700
n720,n717
n720,n736
n720,n739
n700,n721
n721,n653
n700,n722
n722,n679
n703,n723
n740,n724
n742,n725
n725,n726
n726,n725
n712,n729
n744,n729
n745,n729
n712,n730
n729,n730
n736,n730
n730,n746
n730,n747
n730,n748
n730,n750
n730,n751
n730,n753
n755,n732
n732,n717
n742,n733
n733,n756
n718,n734
n734,n717
n734,n735
n735,n757
n717,n736
n718,n736
n720,n736
n736,n759
n712,n737
n718,n737
n738,n760
n717,n739
n739,n761
n762,n740
n741,n725
n717,n742
n742,n763
n727,n743
n68,n743
n174,n743
n745,n764
n730,n746
n746,n747
n748,n750
n748,n751
n748,n753
n748,n765
n748,n752
n752,n749
n751,n749
n748,n750
n766,n750
n751,n767
n748,n753
n750,n753
n768,n753
n751,n753
n753,n769
n750,n754
n753,n754
n729,n755
n717,n756
n742,n756
n735,n757
n700,n759
n759,n706
n738,n760
n739,n761
n717,n761
n720,n761
n745,n764
n748,n765
n766,n770
n766,n771
n751,n767
n753,n769
n766,n771
